{
  "required": true,
  "package": "net.earthcomputer.clientcommands.mixin",
  "compatibilityLevel": "JAVA_8",
  "mixins": [
    "ChatInputSuggestorAccessor",
    "CheckedRandomAccessor",
    "InGameHudAccessor",
    "LandPathNodeMakerAccessor",
    "MixinAnvilContainer",
    "MixinArmorStandEntity",
    "MixinArmorStandEntityRenderer",
    "MixinAxeHoeAndShovelItem",
    "MixinBowAndTridentItem",
    "MixinCartographyTableContainer",
    "MixinChatHud",
    "MixinChatScreen",
    "MixinClientCommandSource",
    "MixinClientPlayerEntity",
    "MixinClientPlayerInteractionManager",
    "MixinClientPlayNetworkHandler",
    "MixinClientPlayNetworkHandlerHighPriority",
    "MixinClientWorld",
    "MixinClientWorldProperties",
    "MixinCloseHandledScreenPacket",
    "MixinCraftingTableContainer",
    "MixinCreeperMooshroomSheepAndSnowGolemEntity",
    "MixinCrossbowItem",
    "MixinDamageEnchantment",
    "MixinEnchantingScreen",
    "MixinEnchantingTableContainer",
    "MixinEnchantmentHelper",
    "MixinEnchantmentWeight",
    "MixinEntity",
    "MixinEntityRendererDispatcher",
    "MixinFishingBobberEntity",
    "MixinFishingRodItem",
    "MixinFlintAndSteelItem",
    "MixinForgingScreenHandler",
    "MixinGrindstoneContainer",
    "MixinItemEntity",
    "MixinItemStack",
    "MixinLivingEntity",
    "MixinLivingEntityRenderer",
    "MixinLockableSlot",
    "MixinLoomContainer",
    "MixinMerchantContainer",
    "MixinMinecraftClient",
    "MixinMiningToolItem",
    "MixinOnAStickItem",
    "MixinPlayerContainer",
    "MixinPlayerEntity",
    "MixinPlayerInventory",
    "MixinProfileKeysImpl",
    "MixinProtectionEnchantment",
    "MixinPumpkinBlock",
    "MixinServerWorld",
    "MixinShearsItem",
    "MixinStonecutterContainer",
    "MixinTextFieldWidget",
    "MixinWorld",
    "ProjectileEntityAccessor",
    "ScreenHandlerAccessor",
    "SimpleOptionAccessor"
  ],
  "injectors": {
    "defaultRequire": 1
  },
  "overwrites": {
    "requireAnnotations": true
  }
}
